{
  "metrics": {
    "linear": {
      "rmse": 7.275029075419082e-12,
      "r2": 1.0
    },
    "ridge": {
      "rmse": 1.017008200680782,
      "r2": 0.9999870199687863
    },
    "rf": {
      "rmse": 22.720569060011186,
      "r2": 0.9935216376402259
    }
  },
  "best_model": "linear"
}